date,gold_close,silver_close,ratio_close,gold_open,gold_high,gold_low,silver_open,silver_high,silver_low
2026-01-01,4479.09,75.49,59.33,4474.33,4539.67,4469.78,75.76,76.44,74.43
2026-01-02,4395.18,74.07,59.34,4389.01,4407.55,4341.63,74.03,74.23,73.27
2026-01-03,4471.82,75.18,59.49,4464.59,4487.23,4430.79,74.95,75.99,73.84
2026-01-04,4481.08,75.33,59.49,4488.51,4517.86,4438.75,74.98,75.91,74.58
2026-01-05,4566.09,76.76,59.48,4583.18,4647.51,4543.24,77.04,78.06,76.47
2026-01-06,4591.79,75.23,61.03,4595.73,4617.24,4584.86,74.9,76.29,73.95
2026-01-07,4667.38,74.69,62.49,4666.55,4712.94,4661.26,74.72,74.97,73.68
2026-01-08,4752.15,75.86,62.64,4763.99,4828.72,4692.57,75.54,76.05,74.52
2026-01-09,4725.78,75.45,62.63,4742.2,4761.87,4691.27,75.17,75.67,74.12
2026-01-10,4748.69,75.85,62.61,4735.5,4800.0,4693.3,75.7,76.27,75.11
2026-01-11,4798.39,74.99,63.98,4820.88,4884.1,4729.33,75.27,75.91,74.26
2026-01-12,4705.18,73.77,63.78,4714.51,4724.78,4682.13,73.41,74.49,72.98
2026-01-13,4706.15,74.76,62.95,4728.03,4788.79,4667.8,74.78,75.69,74.3
2026-01-14,4742.08,75.44,62.86,4727.39,4767.7,4716.55,75.71,76.24,75.07
2026-01-15,4824.28,76.7,62.9,4824.59,4872.87,4771.72,76.7,77.56,76.03
2026-01-16,4799.17,76.26,62.93,4821.13,4880.0,4773.75,76.13,76.96,75.74
2026-01-17,4806.61,76.37,62.94,4818.24,4864.72,4754.42,76.6,77.31,75.86
2026-01-18,4828.17,76.66,62.98,4808.26,4869.86,4776.54,76.48,77.79,75.76
2026-01-19,4792.74,76.01,63.05,4780.25,4807.06,4724.73,76.08,76.19,75.16
2026-01-20,4726.25,74.75,63.23,4703.19,4750.89,4638.84,74.92,75.96,73.88
2026-01-21,4654.22,73.65,63.2,4640.7,4671.82,4576.9,73.76,74.85,73.56
2026-01-22,4657.44,72.38,64.35,4675.15,4703.71,4641.87,72.16,72.82,71.68
2026-01-23,4702.66,72.97,64.45,4706.06,4776.53,4633.83,72.79,73.22,72.6
2026-01-24,4724.86,74.1,63.77,4709.51,4774.41,4674.33,73.98,74.78,73.88
2026-01-25,4789.07,75.29,63.61,4768.78,4843.51,4717.97,75.14,76.42,74.69
2026-01-26,4783.9,76.24,62.75,4787.16,4796.04,4765.99,76.51,77.2,75.85
2026-01-27,4836.12,77.04,62.77,4813.73,4876.53,4771.75,77.32,77.52,76.31
2026-01-28,4772.44,76.05,62.75,4766.51,4780.23,4713.64,75.74,76.44,74.79
2026-01-29,4788.88,76.29,62.77,4775.17,4826.95,4712.82,76.21,77.13,75.33
2026-01-30,4756.81,75.84,62.72,4765.21,4819.04,4721.44,75.53,76.56,74.54
2026-01-31,4663.58,76.79,60.73,4653.53,4731.49,4631.36,77.03,77.3,75.8
2026-02-01,4660.66,76.75,60.73,4645.68,4690.04,4625.28,77.13,78.21,75.79
2026-02-02,4647.85,75.38,61.66,4632.18,4674.8,4619.72,75.47,75.91,74.91
2026-02-03,4677.86,75.82,61.7,4699.15,4742.49,4609.85,75.93,76.04,74.9
2026-02-04,4706.45,76.37,61.63,4720.37,4741.62,4679.51,76.2,77.15,75.31
2026-02-05,4748.59,77.15,61.55,4725.61,4763.44,4705.68,77.49,77.64,76.51
2026-02-06,4752.43,77.22,61.54,4766.74,4794.33,4730.06,77.37,77.65,76.16
2026-02-07,4812.71,78.3,61.47,4819.83,4831.85,4804.48,78.08,78.65,77.76
2026-02-08,4898.73,77.76,63.0,4899.67,4962.58,4857.49,78.09,78.3,77.09
2026-02-09,4938.64,76.99,64.14,4957.08,5027.66,4897.08,76.95,77.46,76.36
2026-02-10,4952.21,76.21,64.98,4949.69,5008.0,4925.65,76.52,76.98,75.07
2026-02-11,4948.72,76.16,64.98,4967.1,4985.41,4899.62,76.32,76.57,75.63
2026-02-12,4995.22,76.95,64.91,5003.72,5060.6,4969.33,76.81,78.03,76.01
2026-02-14,4979.99,76.58,65.03,5004.46,5030.34,4962.6,76.79,77.86,76.19
2026-02-15,4922.5,75.84,64.9,4923.01,4961.34,4901.93,75.54,76.05,74.43
2026-02-16,4886.36,75.2,64.98,4882.59,4925.66,4875.52,74.96,75.62,74.39
2026-02-17,4869.47,74.9,65.01,4877.14,4937.31,4836.53,74.61,75.48,73.68
2026-02-18,4943.7,75.01,65.91,4966.82,4975.07,4933.34,74.8,76.12,73.98
2026-02-19,4897.12,74.18,66.02,4920.59,4939.61,4845.67,74.46,75.02,73.97
2026-02-20,4945.47,74.88,66.05,4947.36,4999.58,4892.01,74.81,75.03,74.1
2026-02-21,4906.16,74.3,66.03,4913.58,4966.62,4877.4,74.32,74.76,73.9
2026-02-22,4990.52,73.53,67.87,5013.63,5078.28,4929.29,73.81,74.22,73.3
2026-02-23,4916.0,72.33,67.97,4903.89,4982.27,4877.86,72.44,72.89,71.87
2026-02-24,4875.08,71.68,68.01,4870.29,4901.53,4835.24,71.96,72.92,70.89
2026-02-25,4778.8,70.04,68.23,4792.31,4848.98,4724.23,70.35,70.63,69.22
2026-02-26,4837.02,70.72,68.39,4817.47,4864.74,4780.2,70.52,71.65,69.48
2026-02-27,4817.43,70.41,68.42,4812.97,4867.84,4777.86,70.18,71.15,69.75
2026-02-28,4795.19,69.14,69.36,4804.14,4821.4,4726.64,69.17,69.48,68.36
2026-03-01,4806.32,67.76,70.93,4785.91,4856.94,4778.25,67.55,68.54,66.94
2026-03-02,4717.49,66.29,71.16,4738.26,4755.34,4707.23,66.61,66.71,66.14
2026-03-03,4758.93,66.93,71.11,4771.74,4834.34,4725.42,66.84,67.82,66.04
2026-03-04,4798.33,68.25,70.31,4778.31,4832.28,4763.69,68.54,69.08,67.26
2026-03-05,4716.23,66.85,70.55,4738.25,4763.63,4687.66,66.86,67.44,66.56
2026-03-06,4762.5,68.02,70.01,4739.45,4831.61,4730.18,67.76,68.85,67.28
2026-03-07,4809.3,68.75,69.95,4806.42,4862.49,4787.41,68.48,69.69,68.2
2026-03-08,4760.63,67.98,70.03,4766.23,4836.0,4693.08,67.81,68.21,67.42
2026-03-09,4688.91,67.26,69.71,4704.21,4740.76,4620.04,67.35,68.32,66.38
2026-03-10,4767.21,68.48,69.61,4756.34,4802.32,4726.74,68.22,69.03,67.98
2026-03-11,4677.65,68.91,67.88,4671.31,4743.6,4620.2,69.18,69.9,68.42
2026-03-12,4764.13,70.04,68.02,4753.22,4799.64,4704.85,70.04,70.15,69.83
2026-03-13,4826.27,70.82,68.15,4839.25,4853.0,4799.77,70.76,71.56,69.79
2026-03-14,4830.36,71.41,67.65,4849.51,4875.33,4793.56,71.45,71.97,71.28
2026-03-15,4908.19,72.83,67.39,4918.37,4926.24,4836.97,72.79,73.62,72.65
2026-03-16,4881.76,72.51,67.32,4893.06,4919.6,4867.73,72.61,73.22,71.87
2026-03-17,4850.16,72.83,66.6,4873.24,4925.19,4800.52,72.96,73.68,72.56
2026-03-18,4903.05,71.41,68.66,4917.16,4923.92,4891.88,71.23,72.39,70.66
2026-03-19,4932.7,70.21,70.25,4938.92,4968.3,4891.19,70.37,71.0,69.84
2026-03-20,4928.12,70.16,70.25,4947.21,4955.99,4881.58,69.83,70.56,69.27
2026-03-21,4950.36,71.09,69.63,4947.13,4974.19,4877.19,71.01,71.22,70.38
2026-03-22,4975.05,71.45,69.63,4966.35,4994.01,4909.76,71.36,72.29,70.87
2026-03-23,4876.97,69.97,69.7,4891.31,4964.13,4816.78,70.11,70.88,69.18
2026-03-24,4873.61,69.92,69.7,4895.66,4923.98,4827.1,69.76,70.64,69.27
2026-03-25,4947.13,71.13,69.55,4924.57,4978.35,4907.05,70.88,71.42,70.07
2026-03-26,4987.53,69.77,71.49,5002.68,5051.12,4961.37,70.1,71.15,68.78
2026-03-27,4995.94,69.91,71.47,5005.37,5019.25,4974.01,70.05,70.85,69.81
2026-05-18,4549.2,76.77,59.26,4552.5,4581.6,4534.3,76.33,78.15,75.7
2026-05-19,4495.0,74.22,60.56,4546.0,4546.0,4477.5,76.45,76.45,73.51
2026-05-20,4490.2,75.68,59.33,4484.8,4490.2,4484.8,75.56,75.68,75.56
